{
  "n-virginia": {
    "code": "us-east-1",
    "public": true,
    "zones": ["us-east-1a", "us-east-1b", "us-east-1c", "us-east-1d", "us-east-1e", "us-east-1f"]
  },
  "ohio": {
    "code": "us-east-2",
    "public": true,
    "zones": ["us-east-2a", "us-east-2b", "us-east-2c"]
  },
  "n-california": {
    "code": "us-west-1",
    "public": true,
    "zones": ["us-west-1a", "us-west-1b", "us-west-1c"]
  },
  "oregon": {
    "code": "us-west-2",
    "public": true,
    "zones": ["us-west-2a", "us-west-2b", "us-west-2c"]
  },
  "us-govcloud-west": {
    "code": "us-gov-west-1",
    "public": false,
    "zones": ["us-gov-west-1a", "us-gov-west-1b", "us-gov-west-1c"]
  },
  "canada": {
    "code": "ca-central-1",
    "public": true,
    "zones": ["ca-central-1a", "ca-central-1b"]
  },
  "ireland": {
    "code": "eu-west-1",
    "public": true,
    "zones": ["eu-west-1a", "eu-west-1b", "eu-west-1c"]
  },
  "london": {
    "code": "eu-west-2",
    "public": true,
    "zones": ["eu-west-2a", "eu-west-2b", "eu-west-2c"]
  },
  "paris": {
    "code": "eu-west-3",
    "public": true,
    "zones": ["eu-west-3a", "eu-west-3b", "eu-west-3c"]
  },
  "frankfurt": {
    "code": "eu-central-1",
    "public": true,
    "zones": ["eu-central-1a", "eu-central-1b", "eu-central-1c"]
  },
  "tokyo": {
    "code": "ap-northeast-1",
    "public": true,
    "zones": ["ap-northeast-1a", "ap-northeast-1b", "ap-northeast-1c", "ap-northeast-1d"]
  },
  "seoul": {
    "code": "ap-northeast-2",
    "public": true,
    "zones": ["ap-northeast-2a", "ap-northeast-2c"]
  },
  "osaka": {
    "code": "ap-northeast-3",
    "public": false,
    "zones": ["ap-northeast-3a"]
  },
  "singapore": {
    "code": "ap-southeast-1",
    "public": true,
    "zones": ["ap-southeast-1a", "ap-southeast-1b", "ap-southeast-1c"]
  },
  "sydney": {
    "code": "ap-southeast-2",
    "public": true,
    "zones": ["ap-southeast-2a", "ap-southeast-2b", "ap-southeast-2c"]
  },
  "mumbai": {
    "code": "ap-south-1",
    "public": true,
    "zones": ["ap-south-1a", "ap-south-1b"]
  },
  "sao-paulo": {
    "code": "sa-east-1",
    "public": true,
    "zones": ["sa-east-1a", "sa-east-1b", "sa-east-1c"]
  },
  "bejing": {
    "code": "cn-north-1",
    "public": false,
    "zones": ["cn-north-1a", "cn-north-1b"]
  },
  "ningxia": {
    "code": "cn-northwest-1",
    "public": false,
    "zones": ["cn-northwest-1a", "cn-northwest-1b", "cn-northwest-1c"]
  }
}

